{"ccm":[
2.12089,
-0.52461,
-0.59629,
-0.85342,
2.80445,
-0.95103,
-0.26897,
-1.14788,
2.41685,
0,
0
],
    "offsets": [0,0,0],
    "enabled": 1
}

